"country","sex","period","component","est_99","lo_99","hi_99","est_94","lo_94","hi_94","diff","ci_overlap"
"CHE","Female","1983-1993","cohort",-0.0440206375130847,-0.0468990534744706,-0.0414591862138806,-0.0440979304875681,-0.0472462338736483,-0.0409796533127563,7.72929744833825e-05,TRUE
"CHE","Female","1983-1993","drift",0.118661369844966,0.116552549513345,0.12077643270308,0.120929070359615,0.118689145689602,0.123178506878247,-0.00226770051464881,TRUE
"CHE","Female","1983-1993","period",0.0771388839987067,0.0691091522322911,0.085638962160567,0.076195115433964,0.0676556057222085,0.0849725975703926,0.000943768564742667,TRUE
"CHE","Female","1983-1993","total",0.151779616330588,0.143808746626269,0.160199965928,0.153026255306011,0.144131665255302,0.161900858298346,-0.00124663897542285,TRUE
"CHE","Female","1993-2003","cohort",-0.00340819765806444,-0.00544482400388582,-0.00142963326281726,-0.00428577962565289,-0.00642151723919586,-0.00206750063153752,0.000877581967588452,TRUE
"CHE","Female","1993-2003","drift",0.121114237366769,0.118946226286785,0.123294219475371,0.125086620124716,0.122703044279269,0.127493527818552,-0.00397238275794688,TRUE
"CHE","Female","1993-2003","period",-0.00608736424176293,-0.0130183586705399,0.000780931253730248,-0.00613089336502899,-0.0134038533293261,0.00132894349402282,4.35291232660628e-05,TRUE
"CHE","Female","1993-2003","total",0.111618675466942,0.104417700922625,0.118548920959793,0.114669947134034,0.107382837662244,0.122435822718737,-0.00305127166709225,TRUE
"CHE","Female","2003-2013","cohort",0.011273280845125,0.00994354334669245,0.0126476377726706,0.00824221786849737,0.00680238993440856,0.00968675142499406,0.00303106297662766,FALSE
"CHE","Female","2003-2013","drift",0.123832284040045,0.121557177017896,0.1260815061635,0.130638993237003,0.128022531402497,0.133282996964204,-0.00680670919695803,FALSE
"CHE","Female","2003-2013","period",-0.0361089528566572,-0.043112683789748,-0.0286865208480694,-0.0301045828104597,-0.0378247073449129,-0.0218698029909824,-0.00600437004619747,TRUE
"CHE","Female","2003-2013","total",0.0989966120285128,0.0919586724701963,0.106217028659584,0.108776628295041,0.101022240996749,0.117093043989254,-0.00978001626652816,TRUE
"CHE","Female","2013-2017","cohort",0.00920916350089396,0.00612036012855713,0.0123887968589086,0.0112054204794654,0.0076556667057954,0.0146005937462979,-0.00199625697857144,TRUE
"CHE","Female","2013-2017","drift",0.125915731940793,0.123535690574404,0.128255140960769,0.135532889367778,0.132668277075319,0.138387103203277,-0.00961715742698468,FALSE
"CHE","Female","2013-2017","period",-0.0502628476247127,-0.073943569585384,-0.0259594830383637,-0.0561285623342758,-0.0844232546041539,-0.029920001681384,0.00586571470956313,TRUE
"CHE","Female","2013-2017","total",0.0848620478169746,0.0612998814571489,0.109352466435101,0.0906097475129677,0.0628886341617172,0.116074900733127,-0.00574769969599311,TRUE
"CHE","Male","1983-1993","cohort",-0.0677940562218491,-0.0702756621928342,-0.0652994793397874,-0.0675437298690356,-0.0702448315188287,-0.0648108438177996,-0.000250326352813482,TRUE
"CHE","Male","1983-1993","drift",0.157075108183597,0.155443568473589,0.158834369302237,0.158054650412739,0.156206616264072,0.159848416662443,-0.000979542229142316,TRUE
"CHE","Male","1983-1993","period",0.0339052446004723,0.0266957043111073,0.0416001654117805,0.0319862338407432,0.0244876155753989,0.0392549710349183,0.00191901075972906,TRUE
"CHE","Male","1983-1993","total",0.12318629656222,0.115621128279687,0.130918321043246,0.122497154384446,0.114778595972156,0.1299209158645,0.000689142177773869,TRUE
"CHE","Male","1993-2003","cohort",-0.0113526890832068,-0.013130392399675,-0.00955857389993783,-0.0129112864590126,-0.0148124217652425,-0.0109202921436952,0.0015585973758058,TRUE
"CHE","Male","1993-2003","drift",0.163471460582068,0.161713943727504,0.165339696817824,0.165547281014252,0.163541597340959,0.167505334593168,-0.00207582043218421,TRUE
"CHE","Male","1993-2003","period",0.0226063533966174,0.015976410615577,0.0291986912849362,0.0248946365489316,0.0178716543537604,0.0317789799701795,-0.00228828315231417,TRUE
"CHE","Male","1993-2003","total",0.174725124895478,0.167757702027488,0.181587766052769,0.177530631104171,0.170465508599739,0.184683407896706,-0.00280550620869258,TRUE
"CHE","Male","2003-2013","cohort",0.0210469687476632,0.0196706649268314,0.0224812600074221,0.0187418825985359,0.0173076227374068,0.0201102126905441,0.00230508614912728,TRUE
"CHE","Male","2003-2013","drift",0.169480478067477,0.167602698952338,0.171464546874439,0.17403227792491,0.171830191584268,0.176240218539639,-0.00455179985743276,FALSE
"CHE","Male","2003-2013","period",-0.0353668494032774,-0.0423006761309666,-0.028652595140341,-0.0342317384370117,-0.0415067745849817,-0.0271937203502539,-0.00113511096626574,TRUE
"CHE","Male","2003-2013","total",0.155160597411863,0.148432665159884,0.161978520910273,0.158542422086434,0.150809817423967,0.165993274627999,-0.00338182467457102,TRUE
"CHE","Male","2013-2017","cohort",0.0247874389902942,0.0213719749461337,0.0280341421919743,0.0242498198850276,0.0206735066139257,0.0276499579927061,0.000537619105266632,TRUE
"CHE","Male","2013-2017","drift",0.173608713026037,0.171671799784278,0.175724579707166,0.181154720658742,0.17875500831896,0.183560633049575,-0.00754600763270491,FALSE
"CHE","Male","2013-2017","period",-0.0586115490298522,-0.080222535543514,-0.0344739013037101,-0.0636116292739635,-0.0876594237029586,-0.0378584125866471,0.00500008024411128,TRUE
"CHE","Male","2013-2017","total",0.139784602986479,0.118114970455711,0.162988647194738,0.141792911269806,0.118933849348304,0.167108541821527,-0.0020083082833269,TRUE
"DNK","Female","1983-1993","cohort",-0.0408801379248272,-0.0436485951123177,-0.0381832027975542,-0.0359500721752308,-0.0392273234674015,-0.0328103203236501,-0.00493006574959642,TRUE
"DNK","Female","1983-1993","drift",0.104471241536167,0.102437896460332,0.106518905811817,0.107418406992311,0.105389721451307,0.109573103595857,-0.0029471654561441,TRUE
"DNK","Female","1983-1993","period",-0.0597049621197021,-0.0674983229211982,-0.0522369578668378,-0.0704584050309514,-0.0786568376477595,-0.0621913917768628,0.0107534429112493,TRUE
"DNK","Female","1983-1993","total",0.00388614149163757,-0.00413512597221762,0.0114305547302092,0.00100992978612879,-0.00726506520285122,0.00895378711322657,0.00287621170550878,TRUE
"DNK","Female","1993-2003","cohort",-0.0295764935383056,-0.0317019647449902,-0.0275786601595694,-0.0303231556318583,-0.0324393143138097,-0.028244619536883,0.000746662093552654,TRUE
"DNK","Female","1993-2003","drift",0.106832741974559,0.104733964530874,0.108961647505547,0.111371013622402,0.109208239161633,0.11371399712278,-0.00453827164784341,FALSE
"DNK","Female","1993-2003","period",0.0107815310891676,0.00410840291509434,0.0178097626793139,0.00943314017511803,0.00216892154489733,0.0161382453091642,0.00134839091404953,TRUE
"DNK","Female","1993-2003","total",0.0880377795254205,0.0813190123627803,0.0952203410119877,0.0904809981656619,0.0828267666674007,0.0975765853553348,-0.0024432186402414,TRUE
"DNK","Female","2003-2013","cohort",0.0147672244227751,0.0133977579268573,0.0161649813198301,0.00925817138511106,0.00779874970639585,0.0106982962968864,0.00550905303766403,FALSE
"DNK","Female","2003-2013","drift",0.109326732526997,0.107137565475935,0.111502610765464,0.116111003009591,0.113734355322653,0.118688259037218,-0.00678427048259364,FALSE
"DNK","Female","2003-2013","period",0.0509434141250131,0.0433340895162018,0.0587997338435469,0.0590007367838218,0.0506100354641289,0.0671279134108911,-0.00805732265880874,TRUE
"DNK","Female","2003-2013","total",0.175037371074786,0.16727749600989,0.183060169331059,0.184369911178524,0.176175238344437,0.19267024571891,-0.00933254010373849,TRUE
"DNK","Female","2013-2017","cohort",0.0328857060828738,0.029122469297471,0.0366695710383231,0.0288676097938376,0.0247173185399615,0.0328253926912706,0.00401809628903618,TRUE
"DNK","Female","2013-2017","drift",0.111065871114435,0.108835013413691,0.113309618485255,0.120297948179979,0.117729982310648,0.123102218026958,-0.00923207706554423,FALSE
"DNK","Female","2013-2017","period",-0.0621296324252607,-0.0895185817959537,-0.0354448390330989,-0.05732082077449,-0.085941316225439,-0.0284771849363514,-0.0048088116507707,TRUE
"DNK","Female","2013-2017","total",0.0818219447720478,0.0550502426273536,0.108209291558974,0.0918447371993265,0.0639528590508288,0.120959638261466,-0.0100227924272786,TRUE
"DNK","Male","1983-1993","cohort",-0.0744280222968094,-0.077193768241848,-0.0718283238741651,-0.0743258349568333,-0.0772378685768909,-0.0716182553228368,-0.000102187339976065,TRUE
"DNK","Male","1983-1993","drift",0.136235614308979,0.134636788746123,0.137976549648232,0.137289204224048,0.135625039716037,0.138948406230765,-0.0010535899150691,TRUE
"DNK","Male","1983-1993","period",-0.0260295431149185,-0.0338804493204642,-0.0183475410672903,-0.0269978670462454,-0.0345365057893445,-0.0192283370020771,0.000968323931326901,TRUE
"DNK","Male","1983-1993","total",0.035778048897251,0.0278646688019879,0.0438883380403392,0.035965502220969,0.0281172791503287,0.0437561184250821,-0.000187453323717959,TRUE
"DNK","Male","1993-2003","cohort",-0.0147333185626428,-0.0167851452817474,-0.0127822983671403,-0.0166544779275228,-0.018730682473583,-0.0145766841091498,0.00192115936488004,TRUE
"DNK","Male","1993-2003","drift",0.142455955858369,0.140737773280377,0.14434454261802,0.144393704165778,0.14254853410473,0.146237871479601,-0.00193774830740936,TRUE
"DNK","Male","1993-2003","period",0.0231146990593066,0.0164870854225062,0.0297979673208405,0.0230178248007893,0.0158982900030559,0.0300666218015355,9.68742585173051e-05,TRUE
"DNK","Male","1993-2003","total",0.150837336355032,0.14415424236874,0.157807160660668,0.150757051039044,0.143554634474899,0.15794704428157,8.02853159884709e-05,TRUE
"DNK","Male","2003-2013","cohort",0.0321617974601337,0.0306028203596248,0.0337659768132932,0.0297366468182021,0.0281454849363262,0.0314670571925297,0.00242515064193162,TRUE
"DNK","Male","2003-2013","drift",0.148315099493088,0.146471515967062,0.15036228705165,0.151982357213068,0.149914950379543,0.154012704196128,-0.00366725771998042,TRUE
"DNK","Male","2003-2013","period",0.0200859445491107,0.0129969126513586,0.027266292260096,0.022065817594813,0.0142099102582905,0.0296161629513232,-0.00197987304570226,TRUE
"DNK","Male","2003-2013","total",0.200562841502332,0.193160185825205,0.207875614068446,0.203784821626083,0.195926730801737,0.211465909085837,-0.00322198012375097,TRUE
"DNK","Male","2013-2017","cohort",0.0345914242579139,0.030565916690571,0.0389264233927459,0.0337470773485782,0.0295333684625237,0.038159554965558,0.000844346909335748,TRUE
"DNK","Male","2013-2017","drift",0.152203778153471,0.15028010620496,0.154353793401458,0.157896274003753,0.155585921394016,0.160140018010491,-0.00569249585028236,FALSE
"DNK","Male","2013-2017","period",-0.0961806881984115,-0.120410654619772,-0.0709583465718974,-0.0980137994947663,-0.126588394946549,-0.0708588611579492,0.00183311129635477,TRUE
"DNK","Male","2013-2017","total",0.0906145142129731,0.0664913472034129,0.115276166800276,0.0936295518575649,0.0658517168557389,0.119936869833228,-0.00301503764459184,TRUE
"FIN","Female","1983-1993","cohort",-0.060477097658576,-0.063411311163196,-0.0576222098705962,-0.0594438215419425,-0.062859084422817,-0.0562487110381317,-0.00103327611663351,TRUE
"FIN","Female","1983-1993","drift",0.14534537813908,0.143234004663401,0.147497686122333,0.14702881743885,0.144676803086788,0.149343042117589,-0.00168343929976975,TRUE
"FIN","Female","1983-1993","period",0.00979013816150829,0.00130571790704721,0.0185297521701564,0.00890042007545677,-0.000145240439677208,0.0180185763181895,0.000889718086051519,TRUE
"FIN","Female","1983-1993","total",0.0946584186420125,0.0859208501214268,0.103538018797676,0.0964854159723643,0.0870405128046651,0.106098056374848,-0.00182699733035178,TRUE
"FIN","Female","1993-2003","cohort",0.000514171253165149,-0.00162858539258724,0.00259018591241024,-0.00115703721880073,-0.00343613229786903,0.00118346065880266,0.00167120847196588,TRUE
"FIN","Female","1993-2003","drift",0.149994446486933,0.147736241135418,0.152257454273781,0.153538608893488,0.150956392125508,0.156087079077641,-0.003544162406555,TRUE
"FIN","Female","1993-2003","period",0.0382711652653642,0.0311099627665929,0.045404335136535,0.0383355479762919,0.0306647768205667,0.0459615974019647,-6.43827109277142e-05,TRUE
"FIN","Female","1993-2003","total",0.188779783005462,0.181420403310592,0.196089688875539,0.190717119650979,0.182871150226802,0.198409502504919,-0.00193733664551668,TRUE
"FIN","Female","2003-2013","cohort",0.0180940170594447,0.0165414897209924,0.0196494272138936,0.0163982795846902,0.0147648518545798,0.0180035882906172,0.00169573747475447,TRUE
"FIN","Female","2003-2013","drift",0.15473619747049,0.15235844809823,0.157124320034463,0.161698357895707,0.158767883860176,0.164496976828513,-0.00696216042521713,FALSE
"FIN","Female","2003-2013","period",-0.0450405170552425,-0.0529420114702031,-0.0374228607543474,-0.042849450924465,-0.0518992886188662,-0.0340104545944576,-0.00219106613077754,TRUE
"FIN","Female","2003-2013","total",0.127789697474692,0.11967364357655,0.135626581986126,0.135247186555932,0.126522281925023,0.143788584524804,-0.00745748908124,TRUE
"FIN","Female","2013-2017","cohort",0.00569984138940072,0.00249776077149859,0.00905651678371324,0.00669630844152858,0.00303743201444141,0.010233881966037,-0.000996467052127863,TRUE
"FIN","Female","2013-2017","drift",0.158384421649185,0.155870945148845,0.160893255016131,0.169558000179862,0.166294996882064,0.172740504043991,-0.0111735785306772,FALSE
"FIN","Female","2013-2017","period",-0.10314640240138,-0.128534116362606,-0.0767129987144032,-0.10093614265604,-0.129739707360954,-0.0721893465477855,-0.00221025974534039,TRUE
"FIN","Female","2013-2017","total",0.0609378606372051,0.0354925599633827,0.0870790260984048,0.0753181659653501,0.0470702371992378,0.104109279620711,-0.014380305328145,TRUE
"FIN","Male","1983-1993","cohort",-0.066224740585963,-0.069235780211985,-0.0630377525567236,-0.0661289295112428,-0.0695410104250397,-0.0628386332612432,-9.58110747202034e-05,TRUE
"FIN","Male","1983-1993","drift",0.157105097807153,0.15529491095915,0.159028777596699,0.157587637804705,0.155556508728664,0.159604752516625,-0.00048253999755174,TRUE
"FIN","Male","1983-1993","period",0.0197564777713969,0.0106124815016798,0.0282820920109632,0.0188397423577887,0.0098561646663264,0.0280170683961251,0.000916735413608163,TRUE
"FIN","Male","1983-1993","total",0.110636834992587,0.101201910518594,0.119272587423539,0.110298450651251,0.101131447239679,0.119540907148753,0.000338384341336109,TRUE
"FIN","Male","1993-2003","cohort",-0.00514593656006736,-0.00748591785459961,-0.00288978631167888,-0.00591743345223038,-0.0081588601891659,-0.00365714955587226,0.000771496892163022,TRUE
"FIN","Male","1993-2003","drift",0.1657578502346,0.163786826373188,0.167863485313848,0.166860966699953,0.164635351536142,0.16914837809751,-0.00110311646535333,TRUE
"FIN","Male","1993-2003","period",0.0336055841233075,0.0255601994337795,0.0414848350521551,0.0350931539957854,0.0270074770000028,0.0436397838934963,-0.00148756987247789,TRUE
"FIN","Male","1993-2003","total",0.19421749779784,0.18634483542448,0.202194663189122,0.196036687243508,0.187790982499814,0.204176181342028,-0.00181918944566817,TRUE
"FIN","Male","2003-2013","cohort",0.0193352373547676,0.0175171594499735,0.0211890487357281,0.018314125048119,0.0165009191284022,0.0200413526239849,0.00102111230664862,TRUE
"FIN","Male","2003-2013","drift",0.173668825958501,0.171588409929771,0.175935469771277,0.176368986190509,0.1739011980145,0.178925974056005,-0.00270016023200814,TRUE
"FIN","Male","2003-2013","period",-0.0306147207814409,-0.0384691996411646,-0.0222874178084414,-0.0305034253193779,-0.0390038662547367,-0.0222766055415571,-0.000111295462063038,TRUE
"FIN","Male","2003-2013","total",0.162389342531828,0.154311425771032,0.170779096735794,0.16417968591925,0.155521967663321,0.172939509215573,-0.00179034338742246,TRUE
"FIN","Male","2013-2017","cohort",0.0203457907414859,0.0161716998485709,0.0243479800438953,0.0191197688573017,0.0151103022098433,0.0232716584549191,0.0012260218841842,TRUE
"FIN","Male","2013-2017","drift",0.17886922958642,0.176669400942238,0.181275962937125,0.183831715853514,0.18114576721413,0.186686755081895,-0.00496248626709417,TRUE
"FIN","Male","2013-2017","period",-0.109342410188391,-0.135966981821252,-0.0828605985682748,-0.10955935801753,-0.139188592062943,-0.0796013390609682,0.000216947829138919,TRUE
"FIN","Male","2013-2017","total",0.0898726101395146,0.064618169181193,0.117000597388677,0.0933921266932858,0.0648391308576543,0.121895318197718,-0.00351951655377115,TRUE
"FRATNP","Female","1983-1993","cohort",-0.028971519735528,-0.0308837063014601,-0.0270758692755095,-0.0272202391880636,-0.0293056139566814,-0.0250998055617758,-0.00175128054746438,TRUE
"FRATNP","Female","1983-1993","drift",0.136607226728255,0.134988135102779,0.13830015330151,0.140363770154626,0.13863184378536,0.141976393432839,-0.00375654342637058,FALSE
"FRATNP","Female","1983-1993","period",0.102190866035895,0.095982666442654,0.108307167448591,0.099758014094105,0.0932677518654301,0.105912349992253,0.00243285194178978,TRUE
"FRATNP","Female","1983-1993","total",0.209826573028622,0.203845768450994,0.215831952060342,0.212901545060668,0.206508348528075,0.219005444057637,-0.00307497203204576,TRUE
"FRATNP","Female","1993-2003","cohort",0.00377100014718383,0.00225550938243424,0.00531711169079795,0.00401888270273592,0.00234372621240367,0.00579506627563828,-0.000247882555552089,TRUE
"FRATNP","Female","1993-2003","drift",0.140140344773606,0.138454780800476,0.1419090207201,0.14703049322904,0.145100243407034,0.148796961310374,-0.00689014845543381,FALSE
"FRATNP","Female","1993-2003","period",-0.0235053708817629,-0.0286471147843091,-0.0181906653800724,-0.0251698682381752,-0.0309330016219882,-0.018818656261042,0.00166449735641228,TRUE
"FRATNP","Female","1993-2003","total",0.120405974039027,0.115015761499802,0.125850729505299,0.125879507693601,0.119982123161144,0.132227653623836,-0.00547353365457393,TRUE
"FRATNP","Female","2003-2013","cohort",0.0106418916276915,0.00949058527166423,0.0117505123722949,0.00817837673211202,0.00693661083023225,0.0095089254393843,0.0024635148955795,TRUE
"FRATNP","Female","2003-2013","drift",0.144366480528523,0.142589730735697,0.146219163582114,0.156241944610579,0.154031923724119,0.158290440674365,-0.0118754640820559,FALSE
"FRATNP","Female","2003-2013","period",-0.0170406350867449,-0.0228387624267915,-0.011320204556983,-0.00965072332496852,-0.0163790813886501,-0.00303957232171188,-0.00738991176177634,TRUE
"FRATNP","Female","2003-2013","total",0.13796773706947,0.132167801946303,0.143915332350747,0.154769598017722,0.148054806558035,0.161373745459567,-0.0168018609482523,FALSE
"FRATNP","Female","2013-2017","cohort",-0.000917092935603492,-0.00330546458784103,0.00140287946973454,-0.000655286430299995,-0.00384848580111311,0.00240166475764456,-0.000261806505303497,TRUE
"FRATNP","Female","2013-2017","drift",0.147871117237811,0.145984245801139,0.149810365995122,0.164546646443743,0.16204359251949,0.166880067974128,-0.0166755292059321,FALSE
"FRATNP","Female","2013-2017","period",-0.124497086364028,-0.143166335655528,-0.105223987857997,-0.128137000630328,-0.150464543108507,-0.105310950621442,0.00363991426630023,TRUE
"FRATNP","Female","2013-2017","total",0.0224569379381796,0.00387954204508649,0.0414353192685273,0.0357543593831151,0.0127460783644437,0.0575384771779751,-0.0132974214449355,TRUE
"FRATNP","Male","1983-1993","cohort",-0.0367245491036992,-0.0383347123135819,-0.0350458486615121,-0.0350893931130275,-0.0368284089202601,-0.0332701457651114,-0.0016351559906717,TRUE
"FRATNP","Male","1983-1993","drift",0.14664259512392,0.14548091242401,0.147812089502525,0.147749688994886,0.146549928852356,0.14898265857544,-0.00110709387096614,TRUE
"FRATNP","Male","1983-1993","period",0.0671728761383791,0.0620648804979396,0.0724130514934327,0.0643421314842157,0.0590157532302645,0.0696145138723733,0.00283074465416336,TRUE
"FRATNP","Male","1983-1993","total",0.1770909221586,0.171864805259277,0.18224174582406,0.177002427366074,0.171642135228783,0.182252754643312,8.8494792525734e-05,TRUE
"FRATNP","Male","1993-2003","cohort",-0.000236735137300215,-0.00149082963608439,0.000989532080226555,-0.00081001190277262,-0.00213304279565029,0.000485272352942978,0.000573276765472405,TRUE
"FRATNP","Male","1993-2003","drift",0.152421391789054,0.151194035964352,0.153666427055174,0.154633096783541,0.153301791137352,0.155987442900176,-0.00221170499448683,TRUE
"FRATNP","Male","1993-2003","period",-0.0207071841064624,-0.0257393023525736,-0.0160736330148694,-0.0218529067537571,-0.0269494492401002,-0.0169884482619947,0.00114572264729469,TRUE
"FRATNP","Male","1993-2003","total",0.131477472545292,0.126448139829286,0.136400928002211,0.131970178127011,0.126819827033962,0.136997387735797,-0.00049270558171946,TRUE
"FRATNP","Male","2003-2013","cohort",0.0153937394138188,0.0142211105129052,0.0164560801472242,0.0136076841664806,0.0125142268616114,0.0146918907890899,0.00178605524733819,TRUE
"FRATNP","Male","2003-2013","drift",0.158050920691602,0.156764197862793,0.159362051305083,0.162533652875315,0.161058700725691,0.164072197425866,-0.00448273218371339,FALSE
"FRATNP","Male","2003-2013","period",0.00100181672200624,-0.00387772167536075,0.00604757461475869,0.00444699098608616,-0.000888374957397885,0.00956008023490063,-0.00344517426407993,TRUE
"FRATNP","Male","2003-2013","total",0.174446476827427,0.169461410316857,0.179471492028323,0.180588328027882,0.175279377372028,0.185874632033507,-0.00614185120045538,TRUE
"FRATNP","Male","2013-2017","cohort",0.000696529698318571,-0.00205002065213182,0.00319784658210236,-0.00191326495127253,-0.0044579065107325,0.000643371806974313,0.0026097946495911,TRUE
"FRATNP","Male","2013-2017","drift",0.161913601999022,0.160558412723957,0.163299018099493,0.168850064805837,0.167245001818407,0.170544873560683,-0.00693646280681462,FALSE
"FRATNP","Male","2013-2017","period",-0.0966309713995734,-0.112001323365529,-0.0797803526464433,-0.0937667917685596,-0.111716846447285,-0.0751293348973662,-0.00286417963101385,TRUE
"FRATNP","Male","2013-2017","total",0.0659791602977675,0.050951814490131,0.0826140175962764,0.0731700080860049,0.0560633807379185,0.0918690145376096,-0.00719084778823739,TRUE
"GBRTENW","Female","1983-1993","cohort",-0.0595635377197741,-0.0611194153712133,-0.057961716292046,-0.0584148157951548,-0.0601596333646879,-0.0565506477466246,-0.00114872192461932,TRUE
"GBRTENW","Female","1983-1993","drift",0.1305836386195,0.129416274355389,0.131772087872498,0.133810944759782,0.132482862523987,0.135039425807119,-0.00322730614028194,FALSE
"GBRTENW","Female","1983-1993","period",0.0307491953937344,0.0261044504386062,0.0355304538393183,0.0257952682184095,0.0208958276222842,0.0310380539019694,0.0049539271753249,TRUE
"GBRTENW","Female","1983-1993","total",0.10176929629346,0.0969654741316196,0.106691882185369,0.101191397183037,0.0962003755509866,0.106619509629415,0.000577899110423344,TRUE
"GBRTENW","Female","1993-2003","cohort",-0.0161264825998488,-0.0173308520198602,-0.0149598100940381,-0.018588958741155,-0.0199159891245175,-0.0172755086276941,0.00246247614130615,TRUE
"GBRTENW","Female","1993-2003","drift",0.134393934359596,0.133154531170764,0.135635696342008,0.139793170607085,0.138355783303448,0.141133415035761,-0.00539923624748903,FALSE
"GBRTENW","Female","1993-2003","period",0.000261834901207611,-0.00378718581786966,0.00469265564086553,0.00173304808030129,-0.00320994985660435,0.0065775581350697,-0.00147121317909368,TRUE
"GBRTENW","Female","1993-2003","total",0.118529286660955,0.114199737249077,0.123176230714695,0.122937259946231,0.117978703853526,0.127856982693546,-0.00440797328527628,TRUE
"GBRTENW","Female","2003-2013","cohort",0.0192726809231953,0.0183066675377508,0.0201907956901653,0.0144692388532464,0.0134431963546212,0.0154812129332938,0.0048034420699489,FALSE
"GBRTENW","Female","2003-2013","drift",0.138529982857384,0.13721114119107,0.139840486682442,0.147575502931652,0.145944836956981,0.149081001985976,-0.00904552007426848,FALSE
"GBRTENW","Female","2003-2013","period",0.00652423313322288,0.00168085621302506,0.011051863587069,0.0119407556671154,0.00637608672555666,0.0173960852152159,-0.00541652253389252,TRUE
"GBRTENW","Female","2003-2013","total",0.164326896913802,0.159509136187864,0.168868714325547,0.173985497452014,0.168356748817796,0.179441860879214,-0.0096586005382123,TRUE
"GBRTENW","Female","2013-2017","cohort",0.0351587412241781,0.0327785102228168,0.0375775522243801,0.0330564215974465,0.0303154150475796,0.0356340691510178,0.00210231962673156,TRUE
"GBRTENW","Female","2013-2017","drift",0.141516984021192,0.140138568438042,0.142894987897336,0.153455812423739,0.151645989162564,0.155151194414187,-0.0119388284025472,FALSE
"GBRTENW","Female","2013-2017","period",-0.168521736731963,-0.184203112539783,-0.152474101954302,-0.182228122094292,-0.201555492031491,-0.163363398456597,0.0137063853623293,TRUE
"GBRTENW","Female","2013-2017","total",0.00815398851340721,-0.00710998247194454,0.0243738001067982,0.00428411192689371,-0.0141583290617681,0.0227061620113348,0.0038698765865135,TRUE
"GBRTENW","Male","1983-1993","cohort",-0.0675609713278169,-0.0690983131575235,-0.066047863250594,-0.0672687265630702,-0.0690063589900212,-0.0656419026485071,-0.000292244764746652,TRUE
"GBRTENW","Male","1983-1993","drift",0.170551524362702,0.169521786663534,0.171575416488267,0.171446124667483,0.170364924306673,0.172508077444027,-0.000894600304780557,TRUE
"GBRTENW","Male","1983-1993","period",0.0266048429519357,0.0223707460938967,0.0309687983674924,0.0250076153944346,0.0203805007370065,0.0294003983839405,0.00159722755750106,TRUE
"GBRTENW","Male","1983-1993","total",0.129595395986821,0.125344803698886,0.133969128779688,0.129185013498848,0.124297486746616,0.133619680389457,0.000410382487973232,TRUE
"GBRTENW","Male","1993-2003","cohort",-0.0101423103116602,-0.011291962349406,-0.00900693492917157,-0.0108588731355545,-0.0120720254906818,-0.00963795086033231,0.0007165628238943,TRUE
"GBRTENW","Male","1993-2003","drift",0.180481296001401,0.179333977332273,0.181589616137097,0.182470749158509,0.181274579927875,0.183659798870203,-0.00198945315710838,TRUE
"GBRTENW","Male","1993-2003","period",0.0240340492807896,0.0199142130183283,0.0280479710935699,0.0243475696907049,0.0200513619070942,0.0287072764242583,-0.000313520409915325,TRUE
"GBRTENW","Male","1993-2003","total",0.19437303497053,0.190082765005619,0.198587428051579,0.195959445713659,0.191643477648123,0.200563252425161,-0.00158641074312901,TRUE
"GBRTENW","Male","2003-2013","cohort",0.0242641126622787,0.0233138125000571,0.0251972409410336,0.0220550518890756,0.0210340621264663,0.0230425371283367,0.00220906077320309,FALSE
"GBRTENW","Male","2003-2013","drift",0.189877957158852,0.188631877828772,0.191063897509435,0.194716252182749,0.193335322897477,0.196066364985922,-0.00483829502389702,FALSE
"GBRTENW","Male","2003-2013","period",-0.00545050361272077,-0.00991450641773388,-0.00105219807926184,-0.0029668875749623,-0.0081129118083039,0.0017628723721218,-0.00248361603775847,TRUE
"GBRTENW","Male","2003-2013","total",0.20869156620841,0.204069184466457,0.213102513506315,0.213804416496862,0.208712138659015,0.218748424486303,-0.0051128502884521,TRUE
"GBRTENW","Male","2013-2017","cohort",0.0316665334791919,0.0293733234921554,0.0340932085663998,0.0303843988764996,0.0278627441308176,0.0328065994063934,0.00128213460269231,TRUE
"GBRTENW","Male","2013-2017","drift",0.196099649310134,0.194748542509345,0.197362321951032,0.204213918549458,0.20261877206426,0.20575861893044,-0.0081142692393241,FALSE
"GBRTENW","Male","2013-2017","period",-0.193365720311716,-0.208612433810892,-0.177931419146873,-0.201509516538916,-0.218548752044445,-0.184491478972501,0.00814379622719993,TRUE
"GBRTENW","Male","2013-2017","total",0.0344004624776098,0.0199468204769668,0.0490171752518486,0.0330888008870414,0.0171336540631213,0.0495050276702301,0.00131166159056835,TRUE
"ITA","Female","1983-1993","cohort",-0.0521200875831013,-0.0541430301864743,-0.0501752462746055,-0.0516165336292637,-0.053958350391054,-0.0490207493409244,-0.000503553953837631,TRUE
"ITA","Female","1983-1993","drift",0.146810385179334,0.145153812034876,0.148382778947981,0.149215530323822,0.147356917346836,0.150962151018479,-0.00240514514448792,TRUE
"ITA","Female","1983-1993","period",0.102516215207811,0.0957737793292952,0.109032900823242,0.101416455593505,0.0941835139908725,0.108787474410647,0.00109975961430635,TRUE
"ITA","Female","1983-1993","total",0.197206512804044,0.190024979051424,0.203692172861245,0.199015452288063,0.191593933102127,0.206561091357146,-0.00180893948401889,TRUE
"ITA","Female","1993-2003","cohort",-0.014076756060426,-0.0154762202724727,-0.0125477627456529,-0.0157917391272399,-0.0174720782643399,-0.013939927111915,0.00171498306681388,TRUE
"ITA","Female","1993-2003","drift",0.15095629163528,0.149231083099171,0.152617483615478,0.155719165184097,0.153678712483174,0.157617670641244,-0.00476287354881677,FALSE
"ITA","Female","1993-2003","period",0.0176163795026003,0.0120727877764109,0.0232503671991034,0.022066845515781,0.0153287968662717,0.0285519485437947,-0.00445046601318069,TRUE
"ITA","Female","1993-2003","total",0.154495915077455,0.148853343422208,0.160181958422027,0.161994271572638,0.154993159172485,0.16830398287156,-0.00749835649518346,TRUE
"ITA","Female","2003-2013","cohort",0.0118462213326861,0.0107667989661013,0.0129213431759984,0.00705712287671468,0.00585360025387027,0.00835652956271142,0.00478909845597143,FALSE
"ITA","Female","2003-2013","drift",0.155660666078604,0.153832247818861,0.157438971090676,0.164886150001061,0.162578493552387,0.167072906341367,-0.0092254839224572,FALSE
"ITA","Female","2003-2013","period",-0.0591438930727257,-0.0646612396881553,-0.0534474032967904,-0.057591032892665,-0.064166408252466,-0.0506910860931435,-0.00155286018006073,TRUE
"ITA","Female","2003-2013","total",0.108362994338564,0.102801896468762,0.11424850762396,0.114352239985111,0.107624077041808,0.121702872546941,-0.00598924564654682,TRUE
"ITA","Female","2013-2017","cohort",0.0186807497647701,0.0161314838304369,0.0210761426556791,0.0203517143334477,0.0172066119278788,0.0232822356107191,-0.00167096456867762,TRUE
"ITA","Female","2013-2017","drift",0.159277738377572,0.15738700650101,0.161176096434115,0.172603568540924,0.17000492910273,0.175059345463469,-0.0133258301633521,FALSE
"ITA","Female","2013-2017","period",-0.146186558569669,-0.164632918901174,-0.126920104659756,-0.157857468484029,-0.180380879054189,-0.136016951519755,0.0116709099143601,TRUE
"ITA","Female","2013-2017","total",0.0317719295726731,0.0134430159412424,0.0503572950131982,0.0350978143903431,0.0131180635403047,0.0564566733666439,-0.00332588481767005,TRUE
"ITA","Male","1983-1993","cohort",-0.0720000706085488,-0.0741042839511733,-0.0698451382814874,-0.0715455274382865,-0.0739511029066637,-0.0690646549524634,-0.000454543170262348,TRUE
"ITA","Male","1983-1993","drift",0.158716054417255,0.157316429510081,0.160091320829229,0.15966129221041,0.158017798855302,0.161182060883437,-0.000945237793155057,TRUE
"ITA","Male","1983-1993","period",0.0744417811062394,0.0677929727010732,0.0807697316290215,0.0728803383895633,0.0658832940869157,0.0800628324420352,0.00156144271667606,TRUE
"ITA","Male","1983-1993","total",0.161157764914945,0.154136556103382,0.16757911097112,0.160996103161687,0.153711609146982,0.16835173867774,0.000161661753258463,TRUE
"ITA","Male","1993-2003","cohort",-0.0201848491244941,-0.0217207422424067,-0.0185817082858681,-0.0213100398091355,-0.0230137164442111,-0.0196122220322823,0.00112519068464143,TRUE
"ITA","Male","1993-2003","drift",0.166192471671292,0.164660101443353,0.167647456357711,0.168083866093015,0.166272811062556,0.169750870733255,-0.00189139442172345,TRUE
"ITA","Male","1993-2003","period",0.0157478148104929,0.0104342770976655,0.021674915600763,0.0170589965953457,0.0107294990596532,0.0235316692434138,-0.00131118178485276,TRUE
"ITA","Male","1993-2003","total",0.16175543735729,0.156170409226886,0.167751562448021,0.163832822879225,0.157390968163175,0.170533860681407,-0.00207738552193457,TRUE
"ITA","Male","2003-2013","cohort",0.0232880724421818,0.0219552870560107,0.0245853724372728,0.0205105571902621,0.0191143574767707,0.0218497327922654,0.00277751525191973,FALSE
"ITA","Male","2003-2013","drift",0.173328405160167,0.171689245691691,0.17488588112674,0.177512694863883,0.175465820946285,0.179392030019476,-0.00418428970371618,FALSE
"ITA","Male","2003-2013","period",-0.040195231906192,-0.046053393245497,-0.0341959725221538,-0.0384796907068324,-0.0453201561016244,-0.0319684960618183,-0.00171554119935956,TRUE
"ITA","Male","2003-2013","total",0.156421245696157,0.150332610246231,0.16250698504979,0.159543561347312,0.152708634965648,0.16605556302914,-0.00312231565115534,TRUE
"ITA","Male","2013-2017","cohort",0.0398483384131061,0.0367300364830729,0.0430555234966674,0.0376444371352003,0.0341396071322876,0.0410345221287686,0.00220390127790579,TRUE
"ITA","Male","2013-2017","drift",0.178190902725135,0.176458492234273,0.179846364646688,0.184985872241729,0.182727083068493,0.187080412189482,-0.00679496951659361,FALSE
"ITA","Male","2013-2017","period",-0.118647585260991,-0.138031914210112,-0.0985361741511586,-0.121486848076753,-0.143032436037346,-0.0989018423740935,0.00283926281576161,TRUE
"ITA","Male","2013-2017","total",0.0993916558772501,0.0806756262536231,0.119303810640031,0.101143461300176,0.0793865583469228,0.122822082141664,-0.00175180542292593,TRUE
"NLD","Female","1983-1993","cohort",-0.0414070191599928,-0.0434036783474305,-0.03946148009809,-0.0417066921481375,-0.0439159080548122,-0.0394039480417775,0.000299672988144734,TRUE
"NLD","Female","1983-1993","drift",0.0851927485953201,0.0838700128208269,0.0866576419283347,0.087332070167384,0.0859026376505731,0.0887850641015508,-0.00213932157206388,TRUE
"NLD","Female","1983-1993","period",0.00374734784875361,-0.00149869957140635,0.00908953426812565,6.11389727268354e-05,-0.00589253593079087,0.00611460623152555,0.00368620887602678,TRUE
"NLD","Female","1983-1993","total",0.047533077284081,0.0420567185113481,0.0530485283833567,0.0456865169919734,0.0396494604806379,0.0518919579105906,0.00184656029210756,TRUE
"NLD","Female","1993-2003","cohort",-0.00528252764162059,-0.00662339357445666,-0.00390183972600425,-0.00571670703846543,-0.00717078619543031,-0.0043077893973134,0.000434179396844845,TRUE
"NLD","Female","1993-2003","drift",0.0867378208110562,0.0853762339694626,0.0882446585301322,0.0898906426050456,0.0883829241380326,0.091425206048287,-0.00315282179398939,FALSE
"NLD","Female","1993-2003","period",-0.02477108569843,-0.0289846424900136,-0.0201688661115014,-0.0279182747427868,-0.0327318020126702,-0.023087752588788,0.00314718904435679,TRUE
"NLD","Female","1993-2003","total",0.0566842074710056,0.0523586052155568,0.0613440055846571,0.0562556608237934,0.0513316648096432,0.0611314818657316,0.000428546647212223,TRUE
"NLD","Female","2003-2013","cohort",0.0103645404733678,0.00944764316646144,0.0113049242542908,0.00820023862257332,0.00723554877594147,0.00917571354135242,0.00216430185079447,FALSE
"NLD","Female","2003-2013","drift",0.0884033247194555,0.0870099182201677,0.0899498005020873,0.092924389377611,0.0913094369453969,0.094531841874804,-0.00452106465815548,FALSE
"NLD","Female","2003-2013","period",0.0422155973563543,0.0374380608429398,0.0469026845806709,0.0490898979708723,0.0440012324043951,0.0541206928790631,-0.00687430061451803,TRUE
"NLD","Female","2003-2013","total",0.140983462549178,0.136165047562977,0.145718803952093,0.150214525971057,0.144961031108059,0.155308026025852,-0.00923106342187943,TRUE
"NLD","Female","2013-2017","cohort",0.00922553178938346,0.00695419402011043,0.0114072329359604,0.00784146700615951,0.00540685856948739,0.0101976958949935,0.00138406478322395,TRUE
"NLD","Female","2013-2017","drift",0.0895147436961041,0.0880853184031869,0.0910950741158477,0.095311699683994,0.0935846580408648,0.096997767099432,-0.00579695598788987,FALSE
"NLD","Female","2013-2017","period",-0.105906252080534,-0.121277773008699,-0.0901900016971826,-0.105966240720825,-0.123610234449373,-0.0878504153023972,5.99886402911642e-05,TRUE
"NLD","Female","2013-2017","total",-0.00716597659504625,-0.0226893775039342,0.00852061484930595,-0.0028130740306711,-0.0200133184437216,0.0143988098212433,-0.00435290256437515,TRUE
"NLD","Male","1983-1993","cohort",-0.0846577128642869,-0.0864064180577989,-0.0828546436696647,-0.0854238021571224,-0.087279068522385,-0.0835685696833701,0.000766089292835531,TRUE
"NLD","Male","1983-1993","drift",0.149187101927391,0.148043261218417,0.150292619093369,0.150100607841331,0.148929690076317,0.151193460767694,-0.000913505913939988,TRUE
"NLD","Male","1983-1993","period",-0.00363721948353887,-0.00878472704066237,0.00139473837002729,-0.00402747849304434,-0.0091616600818787,0.00103783872585061,0.000390259009505467,TRUE
"NLD","Male","1983-1993","total",0.0608921695795653,0.0557469146052368,0.0658752022736867,0.0606493271911639,0.0554063279254679,0.066000313183609,0.000242842388401367,TRUE
"NLD","Male","1993-2003","cohort",-0.0195439363023514,-0.0208536565943018,-0.0182664073051635,-0.0212654483662526,-0.0226216441178232,-0.0198929604453655,0.00172151206390121,TRUE
"NLD","Male","1993-2003","drift",0.156306115478382,0.155078201101676,0.157483513725391,0.1580860901907,0.156813996832334,0.15929649385503,-0.00177997471231792,TRUE
"NLD","Male","1993-2003","period",-0.00421945972895639,-0.00841353228793003,0.000234523075111729,-0.00459847102770308,-0.00910799143619161,-8.64824917340398e-06,0.00037901129874669,TRUE
"NLD","Male","1993-2003","total",0.132542719447074,0.128130006140188,0.137160870237732,0.132222170796744,0.127695121200237,0.13682295624458,0.000320548650330293,TRUE
"NLD","Male","2003-2013","cohort",0.0275416975160112,0.0264802772804302,0.0285911197734779,0.0255972403534432,0.024636805268795,0.0266160912207972,0.00194445716256797,TRUE
"NLD","Male","2003-2013","drift",0.163102214643284,0.161801311239924,0.164359666807066,0.166825007722573,0.16541521912927,0.168193259809483,-0.00372279307928858,FALSE
"NLD","Male","2003-2013","period",0.0296384934496344,0.0250220497476716,0.0339821026572391,0.0308938742702072,0.0262738163242545,0.0357825673019236,-0.00125538082057278,TRUE
"NLD","Male","2003-2013","total",0.22028240560893,0.215501450816872,0.224672782541509,0.223316122346223,0.218604228771878,0.228279927457523,-0.003033716737293,TRUE
"NLD","Male","2013-2017","cohort",0.0388048945048411,0.0367026415770829,0.0409146227033964,0.0377774552806409,0.0356249819152479,0.040056689214042,0.00102743922420025,TRUE
"NLD","Male","2013-2017","drift",0.167634219270271,0.166244713830374,0.168947105247249,0.173679081526254,0.172106091780334,0.175220398644241,-0.00604486225598311,FALSE
"NLD","Male","2013-2017","period",-0.113338053636106,-0.1285193800241,-0.098793602723428,-0.115201203263143,-0.131934690852524,-0.0986749700283707,0.00186314962703661,TRUE
"NLD","Male","2013-2017","total",0.0931010601390057,0.0781689016633349,0.107559387465325,0.0962553335437519,0.0797058346640426,0.112173456933929,-0.00315427340474625,TRUE
"NOR","Female","1983-1993","cohort",-0.0391927939907736,-0.0421586275630151,-0.0364024556129603,-0.037154338625168,-0.0405703406079412,-0.0338747008199431,-0.00203845536560564,TRUE
"NOR","Female","1983-1993","drift",0.10461656667638,0.102425401319031,0.106788307807831,0.10724455432998,0.104898936192951,0.109459231958414,-0.00262798765359983,TRUE
"NOR","Female","1983-1993","period",0.000951280817254666,-0.00715110129268728,0.00924203140541317,-0.00581903946820823,-0.0143424195834134,0.00346825995524164,0.0067703202854629,TRUE
"NOR","Female","1983-1993","total",0.0663750535028612,0.0582298945076866,0.0746954385346625,0.0642711762366041,0.055359437143753,0.0731073835968715,0.00210387726625709,TRUE
"NOR","Female","1993-2003","cohort",-0.000898184815543601,-0.00305981159170758,0.00112415669776643,-0.00143753607157783,-0.0037137271254805,0.00099510829386558,0.000539351256034229,TRUE
"NOR","Female","1993-2003","drift",0.10705927029722,0.104802071937273,0.109318048414058,0.111307127917545,0.108814771222104,0.113735107818243,-0.00424785762032545,TRUE
"NOR","Female","1993-2003","period",0.00869306031146415,0.001685960773831,0.0152931815874076,0.00876229650290412,0.00124599867691942,0.0164590584625668,-6.92361914399718e-05,TRUE
"NOR","Female","1993-2003","total",0.11485414579314,0.107813559295808,0.12160273655521,0.118631888348871,0.110859024736098,0.126584235845487,-0.00377774255573091,TRUE
"NOR","Female","2003-2013","cohort",0.0090724022095623,0.00755890162353473,0.0106376784553382,0.00743501434792968,0.00580170072984612,0.00907301634717179,0.00163738786163262,TRUE
"NOR","Female","2003-2013","drift",0.10968350478133,0.107334250923744,0.112049477065389,0.11617087420432,0.113453070725526,0.118847995670172,-0.00648736942298996,FALSE
"NOR","Female","2003-2013","period",-0.010519901200867,-0.0179136550955334,-0.00256046505620556,-0.00614794520134829,-0.0152239628584475,0.00231172546470429,-0.00437195599951875,TRUE
"NOR","Female","2003-2013","total",0.108236005790025,0.10041400596835,0.116218560123164,0.117457943350902,0.108329246019833,0.126136168081015,-0.00922193756087669,TRUE
"NOR","Female","2013-2017","cohort",0.0100398713347549,0.00658069060433185,0.0134435248287367,0.00811415636693669,0.00423062374952347,0.0117639655254158,0.00192571496781823,TRUE
"NOR","Female","2013-2017","drift",0.111683971242105,0.109250045045736,0.11413410576901,0.120166897829474,0.117224927157525,0.123078047319724,-0.00848292658736928,FALSE
"NOR","Female","2013-2017","period",-0.0496803802307322,-0.0761440596360986,-0.0221159564793378,-0.0445899030683266,-0.07573734983512,-0.0120934019876107,-0.00509047716240558,TRUE
"NOR","Female","2013-2017","total",0.0720434623461275,0.0457111647956284,0.0996721543388801,0.0836911511280842,0.0528412038057224,0.115916843306633,-0.0116476887819567,TRUE
"NOR","Male","1983-1993","cohort",-0.0799974686991378,-0.0828797614516175,-0.0772837579767541,-0.0804909325488095,-0.0835953290365255,-0.0775671698744201,0.00049346384967168,TRUE
"NOR","Male","1983-1993","drift",0.152038476434231,0.150210233678569,0.153986747397923,0.153143433556484,0.151214047891868,0.155096220595673,-0.00110495712225261,TRUE
"NOR","Male","1983-1993","period",-0.00570569419877458,-0.01338961357382,0.00235572994619452,-0.00723574787579571,-0.0152529963372298,0.000960911625451453,0.00153005367702113,TRUE
"NOR","Male","1983-1993","total",0.066335313536319,0.0581362301800725,0.0744649186957812,0.0654167531318787,0.0566926512910067,0.073692165044834,0.000918560404440286,TRUE
"NOR","Male","1993-2003","cohort",-0.0136709893158137,-0.0158846400991137,-0.011438806384365,-0.0154363166521772,-0.0177801427873074,-0.0132855586369363,0.00176532733636354,TRUE
"NOR","Male","1993-2003","drift",0.159049993072083,0.157048330777392,0.161152590305919,0.161265614002149,0.159135554315881,0.163379186883513,-0.00221562093006639,TRUE
"NOR","Male","1993-2003","period",0.0231075039365465,0.016273314786674,0.0303987173058772,0.0236642079143469,0.0162268629877553,0.0309855304884846,-0.000556703977800378,TRUE
"NOR","Male","1993-2003","total",0.168486507692815,0.16101055435561,0.176226276080139,0.169493505264319,0.162230045128757,0.176844394007182,-0.00100699757150352,TRUE
"NOR","Male","2003-2013","cohort",0.0261676773289398,0.0244671449228089,0.0279054306273083,0.0241280245165838,0.0224725169820253,0.0259983448905413,0.00203965281235605,TRUE
"NOR","Male","2003-2013","drift",0.165683142878535,0.163536459532874,0.167932860332837,0.170250104953468,0.167934823638565,0.172579870867676,-0.00456696207493276,FALSE
"NOR","Male","2003-2013","period",-0.0201821131411254,-0.0283891748636446,-0.0116197698265874,-0.0202350872830161,-0.0285265367180973,-0.0119391839559939,5.29741418906805e-05,TRUE
"NOR","Male","2003-2013","total",0.17166870706635,0.163399981978058,0.179934942817146,0.174143042187035,0.165636065150248,0.182543981260132,-0.00247433512068532,TRUE
"NOR","Male","2013-2017","cohort",0.0381179091345469,0.0343083287134629,0.0419161689341914,0.0369903325232186,0.0331600775155191,0.0409526248662115,0.00112757661132833,TRUE
"NOR","Male","2013-2017","drift",0.170232545036835,0.167988294506142,0.172576992342447,0.177606473393619,0.175012742630117,0.180232013267859,-0.0073739283567843,FALSE
"NOR","Male","2013-2017","period",-0.0294207770158348,-0.0573600655485493,-0.00265910710542167,-0.0242340067612061,-0.0539936295189875,0.00483508676648585,-0.00518677025462869,TRUE
"NOR","Male","2013-2017","total",0.178929677155547,0.151912610118888,0.205482504638895,0.190362799155632,0.161658003394802,0.218849777854543,-0.0114331220000851,TRUE
"SWE","Female","1983-1993","cohort",-0.0339745662953041,-0.036117361680033,-0.0318060127386614,-0.0338162024065902,-0.0363282480785091,-0.0311543116218047,-0.000158363888713861,TRUE
"SWE","Female","1983-1993","drift",0.0968042456030087,0.0949330961280513,0.0985363337408716,0.0989563036906187,0.0971969516943203,0.100672535830278,-0.00215205808760999,TRUE
"SWE","Female","1983-1993","period",0.041413769758371,0.0349042295772619,0.0481904875037226,0.0405093530945393,0.0336948028726308,0.0479066776015038,0.000904416663831717,TRUE
"SWE","Female","1983-1993","total",0.104243449066076,0.0976109313861698,0.111072685109618,0.105649454378568,0.0987437663236651,0.11296890585324,-0.00140600531249234,TRUE
"SWE","Female","1993-2003","cohort",-0.00126231782516903,-0.00285263928846501,0.000342168630668965,-0.00199688250290357,-0.0037980775052304,-0.000188318008921249,0.000734564677734541,TRUE
"SWE","Female","1993-2003","drift",0.0987021840760832,0.0967840194325268,0.100493258511752,0.102085872383843,0.100209611257824,0.103913202998831,-0.0033836883077598,TRUE
"SWE","Female","1993-2003","period",-0.0063867056069018,-0.011908565695681,-0.000791875201398911,-0.00717662572669013,-0.0133426759108647,-0.00128777666354322,0.000789920119788331,TRUE
"SWE","Female","1993-2003","total",0.0910531606440124,0.0852408150421615,0.0967367406658543,0.0929123641542493,0.0865420209155097,0.0986984770601286,-0.00185920351023694,TRUE
"SWE","Female","2003-2013","cohort",0.0083646058077747,0.00724582813690631,0.00949161992991298,0.00679747099599926,0.00562994419061305,0.0080536636558196,0.00156713481177544,TRUE
"SWE","Female","2003-2013","drift",0.100690291438328,0.0987038619593834,0.102546441153148,0.105818013884679,0.103795472367017,0.107812299217872,-0.0051277224463515,FALSE
"SWE","Female","2003-2013","period",-0.019933826113343,-0.0258405356692031,-0.0144318005081857,-0.0162338557662155,-0.0227914337099313,-0.00945570718310152,-0.00369997034712754,TRUE
"SWE","Female","2003-2013","total",0.0891210711327592,0.0830423549356523,0.0950572999078473,0.0963816291144632,0.089816820288832,0.103249552801358,-0.00726055798170404,TRUE
"SWE","Female","2013-2017","cohort",0.00881382806029007,0.00566013925243364,0.0118614805536344,0.00884850810059268,0.00569629631413748,0.0120508816592311,-3.46800403026055e-05,TRUE
"SWE","Female","2013-2017","drift",0.102114215162912,0.100082681342647,0.104027386970648,0.108938186855583,0.10677784477197,0.111089937600914,-0.00682397169267125,FALSE
"SWE","Female","2013-2017","period",-0.0709384362915757,-0.0904136339167098,-0.0502530664540699,-0.0693190466989804,-0.0924426764506862,-0.0456459029866519,-0.00161938959259531,TRUE
"SWE","Female","2013-2017","total",0.0399896069316261,0.0209408128735355,0.0604670981524814,0.0484676482571951,0.0254652434768376,0.0708544339821017,-0.00847804132556898,TRUE
"SWE","Male","1983-1993","cohort",-0.0603042357219537,-0.0622417638687254,-0.0581979252247321,-0.0602174327462717,-0.0622885530997501,-0.0579718675957055,-8.68029756819974e-05,TRUE
"SWE","Male","1983-1993","drift",0.139809010081231,0.138366707147809,0.141189591625298,0.140662176604964,0.139254981861334,0.142066964241618,-0.000853166523732685,TRUE
"SWE","Male","1983-1993","period",0.0338331070071253,0.027768992897027,0.0394892083047113,0.0330329117275379,0.0269413347618506,0.0394993910903711,0.000800195279587392,TRUE
"SWE","Male","1983-1993","total",0.113337881366403,0.107299416805484,0.119142592169501,0.11347765558623,0.107105283323501,0.119935366895323,-0.000139774219827096,TRUE
"SWE","Male","1993-2003","cohort",-0.0116867286379331,-0.0132869420000234,-0.0101371597553678,-0.0127727554686974,-0.0143658245613584,-0.011214875854857,0.00108602683076431,TRUE
"SWE","Male","1993-2003","drift",0.145281454086517,0.143724943461685,0.146763896362332,0.146962575881564,0.145433503864227,0.14847001806253,-0.00168112179504687,TRUE
"SWE","Male","1993-2003","period",0.00945068235026651,0.00420610116083277,0.0148824081073297,0.00964304035730236,0.00392214961534596,0.0152389007839827,-0.000192358007035848,TRUE
"SWE","Male","1993-2003","total",0.143045407798851,0.137722227659194,0.148521326420601,0.143832860770169,0.138005449084087,0.149692387188184,-0.000787452971318436,TRUE
"SWE","Male","2003-2013","cohort",0.0215840181887078,0.0203186257489448,0.022771282222278,0.0200803719710494,0.0188549753320406,0.0213360179636522,0.00150364621765838,TRUE
"SWE","Male","2003-2013","drift",0.150495150740648,0.14886401286599,0.152064285922308,0.153897869884828,0.152218262079296,0.15558353540572,-0.00340271914417986,FALSE
"SWE","Male","2003-2013","period",-0.0217837704977047,-0.0275887078029705,-0.0160672351726399,-0.0206707284845299,-0.0269432900580964,-0.0145291556813781,-0.00111304201317479,TRUE
"SWE","Male","2003-2013","total",0.150295398431651,0.144560792651577,0.156025714513697,0.153307513371347,0.147043524562523,0.159520111924053,-0.00301211493969575,TRUE
"SWE","Male","2013-2017","cohort",0.0269415020619768,0.0236769758985206,0.0299964575215786,0.0257557909008015,0.0226288132655004,0.0290423136259076,0.00118571116117526,TRUE
"SWE","Male","2013-2017","drift",0.154005845642943,0.152315944469727,0.155640841907228,0.159493379991142,0.157683903326479,0.161319470047556,-0.00548753434819904,FALSE
"SWE","Male","2013-2017","period",-0.0865090298988314,-0.107047597466968,-0.0670874976917115,-0.0861080932590625,-0.107397487489554,-0.0642314889415367,-0.000400936639768854,TRUE
"SWE","Male","2013-2017","total",0.0944383178060884,0.0741914297600498,0.113581240927109,0.0991410776328809,0.0782349785399246,0.120886419503031,-0.00470275982679254,TRUE
